Workbook

Sheet HuongDan
A1: NetGuard – Tra cứu loại mã độc cho Nhật ký hệ thống
A3: CSDL_Virus | B3: Bảng định nghĩa (40 mã). Cột A = Mã mã độc (luôn ở cột đầu), B = Tên, C = Loại, D = Mức độ.
A4: NhatKyHeThong | B4: Nhật ký thô 300 dòng. Nhập tay cột A–D. Cột E–G tự tra, không gõ đè. Cột D cố ý có khoảng trắng thừa như dữ liệu thực tế.
A5: TongHop | B5: Đếm số sự kiện theo loại và mức độ bằng COUNTIF, là nguồn số liệu cho báo cáo Word và Slide.
A6: Công thức E2 | B6: Gõ vào E2: IFERROR(VLOOKUP(TRIM(SUBSTITUTE(D2,UNICHAR(160)," ")),CSDL_Virus!$A$2:$D$41,2,FALSE),"Chưa phân loại") – cột F dùng số 3, cột G dùng số 4. Kéo xuống dòng 301.
A7: Vì sao TRIM bọc ngoài | B7: Dữ liệu thô hay có khoảng trắng đầu/cuối (hoặc khoảng trắng không ngắt từ web). Không có TRIM, 'NG-007 ' khác 'NG-007' nên VLOOKUP báo lỗi. SUBSTITUTE đổi khoảng trắng không ngắt thành khoảng trắng thường để TRIM xử lý được.
A8: Vì sao có $ | B8: $A$2:$D$41 khóa vùng tra khi kéo công thức xuống. D2 không có $ nên tự nhảy D3, D4…
A9: Số sự kiện chưa phân loại | B9: =COUNTIF(NhatKyHeThong!E2:E301,"Chưa phân loại") -> 8
A10: Quy tắc dữ liệu | B10: Không gộp ô · 1 dòng tiêu đề ở dòng 1 · mỗi ô 1 giá trị · không dòng/cột trống giữa bảng · mỗi cột 1 kiểu dữ liệu.
A11: Giả định | B11: Mã độc, tên, IP (dải tài liệu 198.51.100.x / 203.0.113.x), máy chủ và số liệu đều là dữ liệu MINH HỌA do người soạn tạo. Thay bằng dữ liệu thật của NetGuard.

Sheet CSDL_Virus
A1: Mã mã độc | B1: Tên mã độc | C1: Loại | D1: Mức độ
A2: NG-001 | B2: LockBay | C2: Ransomware | D2: Nghiêm trọng
A3: NG-002 | B3: CrimsonLoop | C3: Ransomware | D3: Nghiêm trọng
A4: NG-003 | B4: VaultBite | C4: Ransomware | D4: Nghiêm trọng
A5: NG-004 | B5: AshCrypt | C5: Ransomware | D5: Cao
A6: NG-005 | B6: NullLatch | C6: Ransomware | D6: Cao
A7: NG-006 | B7: GrimSeal | C7: Ransomware | D7: Cao
A8: NG-007 | B8: SilentBank | C8: Trojan | D8: Cao
A9: NG-008 | B9: HollowDoor | C9: Trojan | D9: Cao
A10: NG-009 | B10: PaleMask | C10: Trojan | D10: Trung bình
A11: NG-010 | B11: DriftKey | C11: Trojan | D11: Nghiêm trọng
A12: NG-011 | B12: TwinShell | C12: Trojan | D12: Trung bình
... A41: NG-040 | B41: AshMirror | C41: Spyware | D41: Cao

Sheet NhatKyHeThong
A1: Thời gian | B1: Máy chủ | C1: IP nguồn | D1: Mã mã độc (thô) | E1: Tên mã độc | F1: Loại | G1: Mức độ
A2: 46307.01 | B2: SRV-FILE-01 | C2: 198.51.100.214 | D2: NG-016 | E2: =IFERROR(VLOOKUP(TRIM(SUBSTITUTE($D2,_xlfn.UNICHAR(160)," ")),CSDL_Virus!$A$2:$D$41,2,FALSE()),"Chưa phân loại") -> BrightFuse | F2: =IFERROR(VLOOKUP(TRIM(SUBSTITUTE($D2,_xlfn.UNICHAR(160)," ")),CSDL_Virus!$A$2:$D$41,3,FALSE()),"Chưa phân loại") -> Worm | G2: =IFERROR(VLOOKUP(TRIM(SUBSTITUTE($D2,_xlfn.UNICHAR(160)," ")),CSDL_Virus!$A$2:$D$41,4,FALSE()),"Chưa phân loại") -> Cao
A3: 46307.012 | B3: PC-KETOAN-07 | C3: 203.0.113.185 | D3: NG-013 | E3: =IFERROR(VLOOKUP(TRIM(SUBSTITUTE($D3,_xlfn.UNICHAR(160)," ")),CSDL_Virus!$A$2:$D$41,2,FALSE()),"Chưa phân loại") -> RiverSpark | F3: =IFERROR(VLOOKUP(TRIM(SUBSTITUTE($D3,_xlfn.UNICHAR(160)," ")),CSDL_Virus!$A$2:$D$41,3,FALSE()),"Chưa phân loại") -> Worm | G3: =IFERROR(VLOOKUP(TRIM(SUBSTITUTE($D3,_xlfn.UNICHAR(160)," ")),CSDL_Virus!$A$2:$D$41,4,FALSE()),"Chưa phân loại") -> Cao
A4: 46307.104 | B4: PC-KETOAN-07 | C4: 203.0.113.225 | D4: NG-016 | E4: =IFERROR(VLOOKUP(TRIM(SUBSTITUTE($D4,_xlfn.UNICHAR(160)," ")),CSDL_Virus!$A$2:$D$41,2,FALSE()),"Chưa phân loại") -> BrightFuse | F4: =IFERROR(VLOOKUP(TRIM(SUBSTITUTE($D4,_xlfn.UNICHAR(160)," ")),CSDL_Virus!$A$2:$D$41,3,FALSE()),"Chưa phân loại") -> Worm | G4: =IFERROR(VLOOKUP(TRIM(SUBSTITUTE($D4,_xlfn.UNICHAR(160)," ")),CSDL_Virus!$A$2:$D$41,4,FALSE()),"Chưa phân loại") -> Cao
A5: 46307.217 | B5: PC-KETOAN-07 | C5: 203.0.113.81 | D5: NG-002 | E5: =IFERROR(VLOOKUP(TRIM(SUBSTITUTE($D5,_xlfn.UNICHAR(160)," ")),CSDL_Virus!$A$2:$D$41,2,FALSE()),"Chưa phân loại") -> CrimsonLoop | F5: =IFERROR(VLOOKUP(TRIM(SUBSTITUTE($D5,_xlfn.UNICHAR(160)," ")),CSDL_Virus!$A$2:$D$41,3,FALSE()),"Chưa phân loại") -> Ransomware | G5: =IFERROR(VLOOKUP(TRIM(SUBSTITUTE($D5,_xlfn.UNICHAR(160)," ")),CSDL_Virus!$A$2:$D$41,4,FALSE()),"Chưa phân loại") -> Nghiêm trọng
A6: 46307.249 | B6: SRV-WEB-02 | C6: 203.0.113.118 | D6: NG-032 | E6: =IFERROR(VLOOKUP(TRIM(SUBSTITUTE($D6,_xlfn.UNICHAR(160)," ")),CSDL_Virus!$A$2:$D$41,2,FALSE()),"Chưa phân loại") -> AmberRig | F6: =IFERROR(VLOOKUP(TRIM(SUBSTITUTE($D6,_xlfn.UNICHAR(160)," ")),CSDL_Virus!$A$2:$D$41,3,FALSE()),"Chưa phân loại") -> Cryptominer | G6: =IFERROR(VLOOKUP(TRIM(SUBSTITUTE($D6,_xlfn.UNICHAR(160)," ")),CSDL_Virus!$A$2:$D$41,4,FALSE()),"Chưa phân loại") -> Thấp
A7: 46307.257 | B7: SRV-WEB-01 | C7: 198.51.100.201 | D7: NG-001 | E7: =IFERROR(VLOOKUP(TRIM(SUBSTITUTE($D7,_xlfn.UNICHAR(160)," ")),CSDL_Virus!$A$2:$D$41,2,FALSE()),"Chưa phân loại") -> LockBay | F7: =IFERROR(VLOOKUP(TRIM(SUBSTITUTE($D7,_xlfn.UNICHAR(160)," ")),CSDL_Virus!$A$2:$D$41,3,FALSE()),"Chưa phân loại") -> Ransomware | G7: =IFERROR(VLOOKUP(TRIM(SUBSTITUTE($D7,_xlfn.UNICHAR(160)," ")),CSDL_Virus!$A$2:$D$41,4,FALSE()),"Chưa phân loại") -> Nghiêm trọng
A8: 46307.283 | B8: SRV-WEB-01 | C8: 198.51.100.116 | D8: NG-033 | E8: =IFERROR(VLOOKUP(TRIM(SUBSTITUTE($D8,_xlfn.UNICHAR(160)," ")),CSDL_Virus!$A$2:$D$41,2,FALSE()),"Chưa phân loại") -> BaitCrate | F8: =IFERROR(VLOOKUP(TRIM(SUBSTITUTE($D8,_xlfn.UNICHAR(160)," ")),CSDL_Virus!$A$2:$D$41,3,FALSE()),"Chưa phân loại") -> Phishing kit | G8: =IFERROR(VLOOKUP(TRIM(SUBSTITUTE($D8,_xlfn.UNICHAR(160)," ")),CSDL_Virus!$A$2:$D$41,4,FALSE()),"Chưa phân loại") -> Cao
A9: 46307.331 | B9: SRV-WEB-01 | C9: 203.0.113.247 | D9: NG-024 | E9: =IFERROR(VLOOKUP(TRIM(SUBSTITUTE($D9,_xlfn.UNICHAR(160)," ")),CSDL_Virus!$A$2:$D$41,2,FALSE()),"Chưa phân loại") -> HiveNote | F9: =IFERROR(VLOOKUP(TRIM(SUBSTITUTE($D9,_xlfn.UNICHAR(160)," ")),CSDL_Virus!$A$2:$D$41,3,FALSE()),"Chưa phân loại") -> Botnet | G9: =IFERROR(VLOOKUP(TRIM(SUBSTITUTE($D9,_xlfn.UNICHAR(160)," ")),CSDL_Virus!$A$2:$D$41,4,FALSE()),"Chưa phân loại") -> Trung bình
A10: 46307.341 | B10: SRV-WEB-02 | C10: 203.0.113.67 | D10: NG-026 | E10: =IFERROR(VLOOKUP(TRIM(SUBSTITUTE($D10,_xlfn.UNICHAR(160)," ")),CSDL_Virus!$A$2:$D$41,2,FALSE()),"Chưa phân loại") -> StormHerd | F10: =IFERROR(VLOOKUP(TRIM(SUBSTITUTE($D10,_xlfn.UNICHAR(160)," ")),CSDL_Virus!$A$2:$D$41,3,FALSE()),"Chưa phân loại") -> Botnet | G10: =IFERROR(VLOOKUP(TRIM(SUBSTITUTE($D10,_xlfn.UNICHAR(160)," ")),CSDL_Virus!$A$2:$D$41,4,FALSE()),"Chưa phân loại") -> Trung bình
A11: 46307.344 | B11: PC-NHANSU-03 | C11: 203.0.113.138 | D11: NG-028 | E11: =IFERROR(VLOOKUP(TRIM(SUBSTITUTE($D11,_xlfn.UNICHAR(160)," ")),CSDL_Virus!$A$2:$D$41,2,FALSE()),"Chưa phân loại") -> CoinMoth | F11: =IFERROR(VLOOKUP(TRIM(SUBSTITUTE($D11,_xlfn.UNICHAR(160)," ")),CSDL_Virus!$A$2:$D$41,3,FALSE()),"Chưa phân loại") -> Cryptominer | G11: =IFERROR(VLOOKUP(TRIM(SUBSTITUTE($D11,_xlfn.UNICHAR(160)," ")),CSDL_Virus!$A$2:$D$41,4,FALSE()),"Chưa phân loại") -> Thấp
A12: 46307.353 | B12: PC-NHANSU-03 | C12: 203.0.113.140 | D12: NG-002 | E12: =IFERROR(VLOOKUP(TRIM(SUBSTITUTE($D12,_xlfn.UNICHAR(160)," ")),CSDL_Virus!$A$2:$D$41,2,FALSE()),"Chưa phân loại") -> CrimsonLoop | F12: =IFERROR(VLOOKUP(TRIM(SUBSTITUTE($D12,_xlfn.UNICHAR(160)," ")),CSDL_Virus!$A$2:$D$41,3,FALSE()),"Chưa phân loại") -> Ransomware | G12: =IFERROR(VLOOKUP(TRIM(SUBSTITUTE($D12,_xlfn.UNICHAR(160)," ")),CSDL_Virus!$A$2:$D$41,4,FALSE()),"Chưa phân loại") -> Nghiêm trọng
A13: 46307.377 | B13: PC-NHANSU-03 | C13: 198.51.100.102 | D13: NG-038 | E13: =IFERROR(VLOOKUP(TRIM(SUBSTITUTE($D13,_xlfn.UNICHAR(160)," ")),CSDL_Virus!$A$2:$D$41,2,FALSE()),"Chưa phân loại") -> DeepAnchor | F13: =IFERROR(VLOOKUP(TRIM(SUBSTITUTE($D13,_xlfn.UNICHAR(160)," ")),CSDL_Virus!$A$2:$D$41,3,FALSE()),"Chưa phân loại") -> Ransomware | G13: =IFERROR(VLOOKUP(TRIM(SUBSTITUTE($D13,_xlfn.UNICHAR(160)," ")),CSDL_Virus!$A$2:$D$41,4,FALSE()),"Chưa phân loại") -> Nghiêm trọng
... A301: 46320.983 | B301: SRV-MAIL-01 | C301: 203.0.113.45 | D301: NG-037 | E301: =IFERROR(VLOOKUP(TRIM(SUBSTITUTE($D301,_xlfn.UNICHAR(160)," ")),CSDL_Virus!$A$2:$D$41,2,FALSE()),"Chưa phân loại") -> SilkLure | F301: =IFERROR(VLOOKUP(TRIM(SUBSTITUTE($D301,_xlfn.UNICHAR(160)," ")),CSDL_Virus!$A$2:$D$41,3,FALSE()),"Chưa phân loại") -> Phishing kit | G301: =IFERROR(VLOOKUP(TRIM(SUBSTITUTE($D301,_xlfn.UNICHAR(160)," ")),CSDL_Virus!$A$2:$D$41,4,FALSE()),"Chưa phân loại") -> Thấp

Sheet TongHop
A1: Loại mã độc | B1: Số sự kiện | C1: Tỷ lệ | E1: Mức độ | F1: Số sự kiện | G1: Tỷ lệ
A2: Ransomware | B2: =COUNTIF(NhatKyHeThong!$F$2:$F$301,A2) -> 60 | C2: =B2/$B$10 -> 0.2 | E2: Nghiêm trọng | F2: =COUNTIF(NhatKyHeThong!$G$2:$G$301,E2) -> 38 | G2: =F2/$F$7 -> 0.12666667
A3: Trojan | B3: =COUNTIF(NhatKyHeThong!$F$2:$F$301,A3) -> 51 | C3: =B3/$B$10 -> 0.17 | E3: Cao | F3: =COUNTIF(NhatKyHeThong!$G$2:$G$301,E3) -> 140 | G3: =F3/$F$7 -> 0.46666667
A4: Worm | B4: =COUNTIF(NhatKyHeThong!$F$2:$F$301,A4) -> 48 | C4: =B4/$B$10 -> 0.16 | E4: Trung bình | F4: =COUNTIF(NhatKyHeThong!$G$2:$G$301,E4) -> 70 | G4: =F4/$F$7 -> 0.23333333
A5: Spyware | B5: =COUNTIF(NhatKyHeThong!$F$2:$F$301,A5) -> 33 | C5: =B5/$B$10 -> 0.11 | E5: Thấp | F5: =COUNTIF(NhatKyHeThong!$G$2:$G$301,E5) -> 44 | G5: =F5/$F$7 -> 0.14666667
A6: Botnet | B6: =COUNTIF(NhatKyHeThong!$F$2:$F$301,A6) -> 36 | C6: =B6/$B$10 -> 0.12 | E6: Chưa phân loại | F6: =COUNTIF(NhatKyHeThong!$G$2:$G$301,E6) -> 8 | G6: =F6/$F$7 -> 0.026666667
A7: Cryptominer | B7: =COUNTIF(NhatKyHeThong!$F$2:$F$301,A7) -> 28 | C7: =B7/$B$10 -> 0.093333333 | E7: Tổng | F7: =SUM(F2:F6) -> 300 | G7: =SUM(G2:G6) -> 1
A8: Phishing kit | B8: =COUNTIF(NhatKyHeThong!$F$2:$F$301,A8) -> 36 | C8: =B8/$B$10 -> 0.12
A9: Chưa phân loại | B9: =COUNTIF(NhatKyHeThong!$F$2:$F$301,A9) -> 8 | C9: =B9/$B$10 -> 0.026666667
A10: Tổng | B10: =SUM(B2:B9) -> 300 | C10: =SUM(C2:C9) -> 1
